{"model_path": "s3://sparkify-pmarcus/models/svm/", "recall": 0.8039921225060739, "precision": 0.8059887164264532, "accuracy": 0.8039921225060738, "f1": 0.8036778706486708}